{"test_accuracy": 0.6328846153846154, "test_f1": 0.647590917482001, "test_confusion_matrix": [[0.29557692307692307, 0.15423076923076923], [0.2128846153846154, 0.3373076923076923]]}