{"test_accuracy": 0.7034615384615385, "test_f1": 0.7404040404040404, "test_confusion_matrix": [[0.28057692307692306, 0.16923076923076924], [0.12730769230769232, 0.42288461538461536]]}