{"test_accuracy": 0.6448076923076923, "test_f1": 0.6524929444967075, "test_confusion_matrix": [[0.31134615384615383, 0.13846153846153847], [0.21673076923076923, 0.3334615384615385]]}