{"test_accuracy": 0.7275, "test_f1": 0.7695560253699788, "test_confusion_matrix": [[0.2725, 0.1773076923076923], [0.09519230769230769, 0.455]]}