{"test_accuracy": 0.6376923076923077, "test_f1": 0.6535490989334313, "test_confusion_matrix": [[0.29596153846153844, 0.15384615384615385], [0.20846153846153845, 0.3417307692307692]]}